Workbook

Sheet Cover
B2: LAPORAN KEUANGAN ORGANISASI
B4: Nama Organisasi
B5: Divisi / Bidang
B6: Ketua Organisasi
B7: Bendahara
B8: Periode Kepengurusan
B9: Institusi / Kampus
B10: Tanggal Dibuat | C10: 31/08/2026

Sheet Buku Kas
A1: BUKU KAS UMUM - BEM / HIMPUNAN
A2: Organisasi: | C2: =Cover!C4 -> 0 | F2: Periode: | H2: =Cover!C8 -> 0
A3: No | B3: Tanggal | C3: Jenis | D3: Kategori | E3: Deskripsi | F3: Kegiatan | G3: No Bukti | H3: Pemasukan (Rp) | I3: Pengeluaran (Rp) | J3: Saldo (Rp) | K3: Keterangan
E4: SALDO AWAL | H4: 0 | I4: 0 | J4: =H4-I4 -> 0
A5: 1 | H5: 0 | I5: 0 | J5: =J4+H5-I5 -> 0
A6: 2 | H6: 0 | I6: 0 | J6: =J5+H6-I6 -> 0
A7: 3 | H7: 0 | I7: 0 | J7: =J6+H7-I7 -> 0
A8: 4 | H8: 0 | I8: 0 | J8: =J7+H8-I8 -> 0
A9: 5 | H9: 0 | I9: 0 | J9: =J8+H9-I9 -> 0
A10: 6 | H10: 0 | I10: 0 | J10: =J9+H10-I10 -> 0
A11: 7 | H11: 0 | I11: 0 | J11: =J10+H11-I11 -> 0
A12: 8 | H12: 0 | I12: 0 | J12: =J11+H12-I12 -> 0
A13: 9 | H13: 0 | I13: 0 | J13: =J12+H13-I13 -> 0
A14: 10 | H14: 0 | I14: 0 | J14: =J13+H14-I14 -> 0
A15: 11 | H15: 0 | I15: 0 | J15: =J14+H15-I15 -> 0
A16: 12 | H16: 0 | I16: 0 | J16: =J15+H16-I16 -> 0
... A54: 50 | H54: 0 | I54: 0 | J54: =J53+H54-I54 -> 0
E55: TOTAL | H55: =SUM(H5:H54) -> 0 | I55: =SUM(I5:I54) -> 0 | J55: =H55-I55 -> 0

Sheet Kegiatan
A1: DAFTAR KEGIATAN / PROYEK
A2: No | B2: Nama Kegiatan | C2: Tgl Mulai | D2: Tgl Selesai | E2: Penanggung Jawab | F2: Anggaran (Rp) | G2: Realisasi (Rp) | H2: Sisa (Rp) | I2: % Serapan | J2: Status | K2: Keterangan
A3: 1 | F3: 0 | G3: 0 | H3: =F3-G3 -> 0 | I3: =IF(F3>0,G3/F3*100,0) -> 0 | J3: Aktif
A4: 2 | F4: 0 | G4: 0 | H4: =F4-G4 -> 0 | I4: =IF(F4>0,G4/F4*100,0) -> 0 | J4: Aktif
A5: 3 | F5: 0 | G5: 0 | H5: =F5-G5 -> 0 | I5: =IF(F5>0,G5/F5*100,0) -> 0 | J5: Aktif
A6: 4 | F6: 0 | G6: 0 | H6: =F6-G6 -> 0 | I6: =IF(F6>0,G6/F6*100,0) -> 0 | J6: Aktif
A7: 5 | F7: 0 | G7: 0 | H7: =F7-G7 -> 0 | I7: =IF(F7>0,G7/F7*100,0) -> 0 | J7: Aktif
A8: 6 | F8: 0 | G8: 0 | H8: =F8-G8 -> 0 | I8: =IF(F8>0,G8/F8*100,0) -> 0 | J8: Aktif
A9: 7 | F9: 0 | G9: 0 | H9: =F9-G9 -> 0 | I9: =IF(F9>0,G9/F9*100,0) -> 0 | J9: Aktif
A10: 8 | F10: 0 | G10: 0 | H10: =F10-G10 -> 0 | I10: =IF(F10>0,G10/F10*100,0) -> 0 | J10: Aktif
A11: 9 | F11: 0 | G11: 0 | H11: =F11-G11 -> 0 | I11: =IF(F11>0,G11/F11*100,0) -> 0 | J11: Aktif
A12: 10 | F12: 0 | G12: 0 | H12: =F12-G12 -> 0 | I12: =IF(F12>0,G12/F12*100,0) -> 0 | J12: Aktif
A13: 11 | F13: 0 | G13: 0 | H13: =F13-G13 -> 0 | I13: =IF(F13>0,G13/F13*100,0) -> 0 | J13: Aktif
A14: 12 | F14: 0 | G14: 0 | H14: =F14-G14 -> 0 | I14: =IF(F14>0,G14/F14*100,0) -> 0 | J14: Aktif
... A32: 30 | F32: 0 | G32: 0 | H32: =F32-G32 -> 0 | I32: =IF(F32>0,G32/F32*100,0) -> 0 | J32: Aktif

Sheet RAB
A1: RENCANA ANGGARAN BIAYA (RAB)
A2: No | B2: Uraian Kegiatan | C2: Program/Kegiatan | D2: Volume | E2: Satuan | F2: Harga Satuan (Rp) | G2: Total (Rp) | H2: Keterangan
A3: 1 | D3: 1 | F3: 0 | G3: =D3*F3 -> 0
A4: 2 | D4: 1 | F4: 0 | G4: =D4*F4 -> 0
A5: 3 | D5: 1 | F5: 0 | G5: =D5*F5 -> 0
A6: 4 | D6: 1 | F6: 0 | G6: =D6*F6 -> 0
A7: 5 | D7: 1 | F7: 0 | G7: =D7*F7 -> 0
A8: 6 | D8: 1 | F8: 0 | G8: =D8*F8 -> 0
A9: 7 | D9: 1 | F9: 0 | G9: =D9*F9 -> 0
A10: 8 | D10: 1 | F10: 0 | G10: =D10*F10 -> 0
A11: 9 | D11: 1 | F11: 0 | G11: =D11*F11 -> 0
A12: 10 | D12: 1 | F12: 0 | G12: =D12*F12 -> 0
A13: 11 | D13: 1 | F13: 0 | G13: =D13*F13 -> 0
A14: 12 | D14: 1 | F14: 0 | G14: =D14*F14 -> 0
... A52: 50 | D52: 1 | F52: 0 | G52: =D52*F52 -> 0
F53: TOTAL RAB | G53: =SUM(G3:G52) -> 0

Sheet Laporan Bulanan
A1: REKAP LAPORAN KEUANGAN BULANAN
A2: No | B2: Bulan | C2: Total Pemasukan | D2: Total Pengeluaran | E2: Surplus/Defisit | F2: % Realisasi | G2: Keterangan
A3: 1 | B3: Januari | C3: 0 | D3: 0 | E3: =C3-D3 -> 0
A4: 2 | B4: Februari | C4: 0 | D4: 0 | E4: =C4-D4 -> 0
A5: 3 | B5: Maret | C5: 0 | D5: 0 | E5: =C5-D5 -> 0
A6: 4 | B6: April | C6: 0 | D6: 0 | E6: =C6-D6 -> 0
A7: 5 | B7: Mei | C7: 0 | D7: 0 | E7: =C7-D7 -> 0
A8: 6 | B8: Juni | C8: 0 | D8: 0 | E8: =C8-D8 -> 0
A9: 7 | B9: Juli | C9: 0 | D9: 0 | E9: =C9-D9 -> 0
A10: 8 | B10: Agustus | C10: 0 | D10: 0 | E10: =C10-D10 -> 0
A11: 9 | B11: September | C11: 0 | D11: 0 | E11: =C11-D11 -> 0
A12: 10 | B12: Oktober | C12: 0 | D12: 0 | E12: =C12-D12 -> 0
A13: 11 | B13: November | C13: 0 | D13: 0 | E13: =C13-D13 -> 0
A14: 12 | B14: Desember | C14: 0 | D14: 0 | E14: =C14-D14 -> 0
B15: TOTAL TAHUNAN | C15: =SUM(C3:C14) -> 0 | D15: =SUM(D3:D14) -> 0 | E15: =C15-D15 -> 0

Sheet Dashboard
B2: DASHBOARD KEUANGAN ORGANISASI
B3: =CONCATENATE("Organisasi: ",Cover!C4," | Periode: ",Cover!C8) -> Organisasi: | Periode:
B5: TOTAL PEMASUKAN | C5: TOTAL PENGELUARAN | D5: SALDO BERSIH | E5: TOTAL RAB | F5: JML KEGIATAN
B6: ='Laporan Bulanan'!C15 -> 0 | C6: ='Laporan Bulanan'!D15 -> 0 | D6: ='Laporan Bulanan'!E15 -> 0 | E6: =RAB!G53 -> 0 | F6: =COUNTA(Kegiatan!B3:B32) -> 0
B8: PETUNJUK: Isi data di sheet Buku Kas, Kegiatan, dan RAB. Dashboard otomatis terupdate.
B10: REKAP PER BULAN
B11: Bulan | C11: Pemasukan | D11: Pengeluaran | E11: Saldo | F11: Status
B12: Januari | C12: ='Laporan Bulanan'!C3 -> 0 | D12: ='Laporan Bulanan'!D3 -> 0 | E12: =C12-D12 -> 0 | F12: =IF(E12>0,"Surplus",IF(E12<0,"Defisit","Seimbang")) -> Seimbang
B13: Februari | C13: ='Laporan Bulanan'!C4 -> 0 | D13: ='Laporan Bulanan'!D4 -> 0 | E13: =C13-D13 -> 0 | F13: =IF(E13>0,"Surplus",IF(E13<0,"Defisit","Seimbang")) -> Seimbang
B14: Maret | C14: ='Laporan Bulanan'!C5 -> 0 | D14: ='Laporan Bulanan'!D5 -> 0 | E14: =C14-D14 -> 0 | F14: =IF(E14>0,"Surplus",IF(E14<0,"Defisit","Seimbang")) -> Seimbang
B15: April | C15: ='Laporan Bulanan'!C6 -> 0 | D15: ='Laporan Bulanan'!D6 -> 0 | E15: =C15-D15 -> 0 | F15: =IF(E15>0,"Surplus",IF(E15<0,"Defisit","Seimbang")) -> Seimbang
B16: Mei | C16: ='Laporan Bulanan'!C7 -> 0 | D16: ='Laporan Bulanan'!D7 -> 0 | E16: =C16-D16 -> 0 | F16: =IF(E16>0,"Surplus",IF(E16<0,"Defisit","Seimbang")) -> Seimbang
B17: Juni | C17: ='Laporan Bulanan'!C8 -> 0 | D17: ='Laporan Bulanan'!D8 -> 0 | E17: =C17-D17 -> 0 | F17: =IF(E17>0,"Surplus",IF(E17<0,"Defisit","Seimbang")) -> Seimbang
B18: Juli | C18: ='Laporan Bulanan'!C9 -> 0 | D18: ='Laporan Bulanan'!D9 -> 0 | E18: =C18-D18 -> 0 | F18: =IF(E18>0,"Surplus",IF(E18<0,"Defisit","Seimbang")) -> Seimbang
B19: Agustus | C19: ='Laporan Bulanan'!C10 -> 0 | D19: ='Laporan Bulanan'!D10 -> 0 | E19: =C19-D19 -> 0 | F19: =IF(E19>0,"Surplus",IF(E19<0,"Defisit","Seimbang")) -> Seimbang
B20: September | C20: ='Laporan Bulanan'!C11 -> 0 | D20: ='Laporan Bulanan'!D11 -> 0 | E20: =C20-D20 -> 0 | F20: =IF(E20>0,"Surplus",IF(E20<0,"Defisit","Seimbang")) -> Seimbang
B21: Oktober | C21: ='Laporan Bulanan'!C12 -> 0 | D21: ='Laporan Bulanan'!D12 -> 0 | E21: =C21-D21 -> 0 | F21: =IF(E21>0,"Surplus",IF(E21<0,"Defisit","Seimbang")) -> Seimbang
B22: November | C22: ='Laporan Bulanan'!C13 -> 0 | D22: ='Laporan Bulanan'!D13 -> 0 | E22: =C22-D22 -> 0 | F22: =IF(E22>0,"Surplus",IF(E22<0,"Defisit","Seimbang")) -> Seimbang
B23: Desember | C23: ='Laporan Bulanan'!C14 -> 0 | D23: ='Laporan Bulanan'!D14 -> 0 | E23: =C23-D23 -> 0 | F23: =IF(E23>0,"Surplus",IF(E23<0,"Defisit","Seimbang")) -> Seimbang
